{
  "files": [
    {
      "filepath": "/Users/icebreaker/Documents/GitHub/postcss-plugins/packages/postcss-plugin-shared/test/shared.bench.ts",
      "groups": [
        {
          "fullName": "test/shared.bench.ts > postcss-plugin-shared benchmarks",
          "benchmarks": [
            {
              "id": "2111422185_0_0",
              "name": "toFixed",
              "rank": 2,
              "rme": 5.509680339730956,
              "samples": [],
              "totalTime": 500.0000319998838,
              "min": 0,
              "max": 13.544541999999865,
              "hz": 32850823.897554904,
              "period": 0.000030440636835121516,
              "mean": 0.000030440636835121516,
              "variance": 0.00001202719711489954,
              "sd": 0.003468024958805738,
              "sem": 8.5570499132326e-7,
              "df": 16425412,
              "critical": 1.96,
              "moe": 0.0000016771817829935895,
              "p75": 0.00004200000000764703,
              "p99": 0.00004200000012133387,
              "p995": 0.00008299999990413198,
              "p999": 0.00012500000002546585,
              "sampleCount": 16425413,
              "median": 0.00004100000001017179
            },
            {
              "id": "2111422185_0_1",
              "name": "mergeOptions",
              "rank": 6,
              "rme": 3.7183793123259044,
              "samples": [],
              "totalTime": 500.0000839999557,
              "min": 0,
              "max": 9.317082999999911,
              "hz": 10169916.291454963,
              "period": 0.00009832922625333964,
              "mean": 0.00009832922625333964,
              "variance": 0.000017694892826954648,
              "sd": 0.004206529784389342,
              "sem": 0.0000018654355137624048,
              "df": 5084958,
              "critical": 1.96,
              "moe": 0.0000036562536069743133,
              "p75": 0.00008400000024266774,
              "p99": 0.00016599999980826396,
              "p995": 0.00020800000038434519,
              "p999": 0.0004580000004352769,
              "sampleCount": 5084959,
              "median": 0.00008300000081362668
            },
            {
              "id": "2111422185_0_2",
              "name": "declarationExists",
              "rank": 3,
              "rme": 0.5211658366396861,
              "samples": [],
              "totalTime": 500.000031998492,
              "min": 0,
              "max": 1.2752499999996871,
              "hz": 28587138.17050938,
              "period": 0.000034980766316496994,
              "mean": 0.000034980766316496994,
              "variance": 1.2366280323871042e-7,
              "sd": 0.00035165722406728747,
              "sem": 9.301418542670668e-8,
              "df": 14293569,
              "critical": 1.96,
              "moe": 1.8230780343634507e-7,
              "p75": 0.00004199999966658652,
              "p99": 0.00004200000057608122,
              "p995": 0.00008299999990413198,
              "p999": 0.0001250000004802132,
              "sampleCount": 14293570,
              "median": 0.00004199999966658652
            },
            {
              "id": "2111422185_0_3",
              "name": "remRegex replace",
              "rank": 8,
              "rme": 0.582352267617681,
              "samples": [],
              "totalTime": 500.00004499946226,
              "min": 0.00008399999933317304,
              "max": 0.700542000000496,
              "hz": 4926203.556646978,
              "period": 0.00020299607770992117,
              "mean": 0.00020299607770992117,
              "variance": 8.960187320896442e-7,
              "sd": 0.0009465826599350128,
              "sem": 6.031389090401408e-7,
              "df": 2463101,
              "critical": 1.96,
              "moe": 0.000001182152261718676,
              "p75": 0.0002080000012938399,
              "p99": 0.0002919999988080235,
              "p995": 0.0002920000006270129,
              "p999": 0.0005829999990965007,
              "sampleCount": 2463102,
              "median": 0.00020799999947485048
            },
            {
              "id": "2111422185_0_4",
              "name": "pxRegex replace",
              "rank": 7,
              "rme": 0.49428903986229145,
              "samples": [],
              "totalTime": 500.0001299981359,
              "min": 0.00008299999899463728,
              "max": 0.7332499999993161,
              "hz": 5305630.62055582,
              "period": 0.00018847900872059572,
              "mean": 0.00018847900872059572,
              "variance": 5.99353333279121e-7,
              "sd": 0.0007741791351354808,
              "sem": 4.753219808913251e-7,
              "df": 2652815,
              "critical": 1.96,
              "moe": 9.316310825469971e-7,
              "p75": 0.00020799999947485048,
              "p99": 0.0002500000009604264,
              "p995": 0.0003329999999550637,
              "p999": 0.0006249999987630872,
              "sampleCount": 2652816,
              "median": 0.00016700000014679972
            },
            {
              "id": "2111422185_0_5",
              "name": "blacklistedSelector",
              "rank": 5,
              "rme": 0.8888253141100764,
              "samples": [],
              "totalTime": 500.00001500063627,
              "min": 0,
              "max": 0.5126249999993888,
              "hz": 14963997.55106103,
              "period": 0.00006682706252709153,
              "mean": 0.00006682706252709153,
              "variance": 6.871365913706489e-7,
              "sd": 0.0008289370249727351,
              "sem": 3.0304890225355015e-7,
              "df": 7481998,
              "critical": 1.96,
              "moe": 5.939758484169583e-7,
              "p75": 0.00008300000081362668,
              "p99": 0.00008400000115216244,
              "p995": 0.00016599999980826396,
              "p999": 0.0003749999996216502,
              "sampleCount": 7481999,
              "median": 0.00004200000148557592
            },
            {
              "id": "2111422185_0_6",
              "name": "createPropListMatcher",
              "rank": 4,
              "rme": 1.0225359139764543,
              "samples": [],
              "totalTime": 500.00005400040936,
              "min": 0,
              "max": 2.298125000001164,
              "hz": 18679035.98264882,
              "period": 0.00005353595340406817,
              "mean": 0.00005353595340406817,
              "variance": 7.285520603019887e-7,
              "sd": 0.0008535526113263251,
              "sem": 2.792981379828047e-7,
              "df": 9339518,
              "critical": 1.96,
              "moe": 5.474243504462972e-7,
              "p75": 0.00004200000148557592,
              "p99": 0.00008400000115216244,
              "p995": 0.0001250000004802132,
              "p999": 0.0002920000006270129,
              "sampleCount": 9339519,
              "median": 0.00004199999966658652
            },
            {
              "id": "2111422185_0_7",
              "name": "createExcludeMatcher",
              "rank": 1,
              "rme": 1.7119901262189718,
              "samples": [],
              "totalTime": 500.0000339969047,
              "min": 0,
              "max": 4.008417000000918,
              "hz": 34359529.66376469,
              "period": 0.00002910400723717102,
              "mean": 0.00002910400723717102,
              "variance": 0.000001110230597242249,
              "sd": 0.0010536748062102694,
              "sem": 2.542131276706239e-7,
              "df": 17179765,
              "critical": 1.96,
              "moe": 4.982577302344229e-7,
              "p75": 0.00004199999966658652,
              "p99": 0.000042000003304565325,
              "p995": 0.00008299999899463728,
              "p999": 0.00016600000162725337,
              "sampleCount": 17179766,