{
  "files": [
    {
      "filepath": "/Users/icebreaker/Documents/GitHub/postcss-plugins/packages/postcss-plugin-shared/test/shared.bench.ts",
      "groups": [
        {
          "fullName": "test/shared.bench.ts > postcss-plugin-shared benchmarks",
          "benchmarks": [
            {
              "id": "2111422185_0_0",
              "name": "toFixed",
              "rank": 1,
              "rme": 0.21193001186337002,
              "samples": [],
              "totalTime": 500.0000379998238,
              "min": 0,
              "max": 0.1809169999999085,
              "hz": 35170513.32705338,
              "period": 0.000028432908860354724,
              "mean": 0.000028432908860354724,
              "variance": 1.662126648314902e-8,
              "sd": 0.00012892349081198903,
              "sem": 3.0743809755536206e-8,
              "df": 17585257,
              "critical": 1.96,
              "moe": 6.025786712085096e-8,
              "p75": 0.00004200000000764703,
              "p99": 0.00004200000012133387,
              "p995": 0.00004200000012133387,
              "p999": 0.00012500000002546585,
              "sampleCount": 17585258,
              "median": 0.00004100000001017179
            },
            {
              "id": "2111422185_0_1",
              "name": "mergeOptions",
              "rank": 6,
              "rme": 2.302140707400715,
              "samples": [],
              "totalTime": 500.0000800004327,
              "min": 0,
              "max": 5.806790999999976,
              "hz": 10680212.29115679,
              "period": 0.0000936310976541168,
              "mean": 0.0000936310976541168,
              "variance": 0.000006458650357521825,
              "sd": 0.0025413874866934056,
              "sem": 0.0000010997549050416014,
              "df": 5340106,
              "critical": 1.96,
              "moe": 0.0000021555196138815388,
              "p75": 0.00008400000024266774,
              "p99": 0.0001250000004802132,
              "p995": 0.00016700000014679972,
              "p999": 0.00041599999985919567,
              "sampleCount": 5340107,
              "median": 0.00008300000081362668
            },
            {
              "id": "2111422185_0_2",
              "name": "declarationExists",
              "rank": 3,
              "rme": 4.43126543740102,
              "samples": [],
              "totalTime": 500.0000159958008,
              "min": 0,
              "max": 11.148084000000381,
              "hz": 30557723.022409495,
              "period": 0.000032724951373721475,
              "mean": 0.000032724951373721475,
              "variance": 0.000008363583871031067,
              "sd": 0.0028919861464106406,
              "sem": 7.398619691989848e-7,
              "df": 15278861,
              "critical": 1.96,
              "moe": 0.0000014501294596300101,
              "p75": 0.00004199999966658652,
              "p99": 0.00004200000057608122,
              "p995": 0.00008299999990413198,
              "p999": 0.0001250000004802132,
              "sampleCount": 15278862,
              "median": 0.000041000000237545464
            },
            {
              "id": "2111422185_0_3",
              "name": "remRegex replace",
              "rank": 8,
              "rme": 0.40819581783101455,
              "samples": [],
              "totalTime": 500.0000749996325,
              "min": 0.00008299999899463728,
              "max": 0.2516250000007858,
              "hz": 5035537.244673114,
              "period": 0.00019858854207817814,
              "mean": 0.00019858854207817814,
              "variance": 4.3067455726283516e-7,
              "sd": 0.0006562579959610665,
              "sem": 4.1358679768097337e-7,
              "df": 2517768,
              "critical": 1.96,
              "moe": 8.106301234547077e-7,
              "p75": 0.0002080000012938399,
              "p99": 0.00029100000028847717,
              "p995": 0.0002920000006270129,
              "p999": 0.0005829999990965007,
              "sampleCount": 2517769,
              "median": 0.00020799999947485048
            },
            {
              "id": "2111422185_0_4",
              "name": "pxRegex replace",
              "rank": 7,
              "rme": 0.653365523502361,
              "samples": [],
              "totalTime": 500.00016099962704,
              "min": 0.00008299999899463728,
              "max": 1.5730829999993148,
              "hz": 5477392.236283786,
              "period": 0.00018256863062968522,
              "mean": 0.00018256863062968522,
              "variance": 0.0000010143704467889404,
              "sd": 0.0010071595935048925,
              "sem": 6.085920863595586e-7,
              "df": 2738696,
              "critical": 1.96,
              "moe": 0.0000011928404892647347,
              "p75": 0.00020799999947485048,
              "p99": 0.0002500000009604264,
              "p995": 0.0002920000006270129,
              "p999": 0.0007499999992433004,
              "sampleCount": 2738697,
              "median": 0.00016700000014679972
            },
            {
              "id": "2111422185_0_5",
              "name": "blacklistedSelector",
              "rank": 5,
              "rme": 0.4606471549137202,
              "samples": [],
              "totalTime": 500.00000599994564,
              "min": 0,
              "max": 0.34633299999950395,
              "hz": 15529797.813644113,
              "period": 0.0000643923386511461,
              "mean": 0.0000643923386511461,
              "variance": 1.7783975509635775e-7,
              "sd": 0.0004217105110100503,
              "sem": 1.51337487744343e-7,
              "df": 7764898,
              "critical": 1.96,
              "moe": 2.966214759789123e-7,
              "p75": 0.00008300000081362668,
              "p99": 0.00008400000115216244,
              "p995": 0.0001250000004802132,
              "p999": 0.0002920000006270129,
              "sampleCount": 7764899,
              "median": 0.00004200000148557592
            },
            {
              "id": "2111422185_0_6",
              "name": "createPropListMatcher",
              "rank": 4,
              "rme": 0.604351432550281,
              "samples": [],
              "totalTime": 500.0000259966855,
              "min": 0,
              "max": 0.2855839999992895,
              "hz": 18891465.01776905,
              "period": 0.0000529339571631641,
              "mean": 0.0000529339571631641,
              "variance": 2.516351798685012e-7,
              "sd": 0.0005016325147640464,
              "sem": 1.6321792266384405e-7,
              "df": 9445732,
              "critical": 1.96,
              "moe": 3.199071284211343e-7,
              "p75": 0.00004200000148557592,
              "p99": 0.00008400000115216244,
              "p995": 0.0001250000004802132,
              "p999": 0.00029099999846948776,
              "sampleCount": 9445733,
              "median": 0.00004199999966658652
            },
            {
              "id": "2111422185_0_7",
              "name": "createExcludeMatcher",
              "rank": 2,
              "rme": 3.677596046984203,
              "samples": [],
              "totalTime": 500.0000279942069,
              "min": 0,
              "max": 9.369167000000743,
              "hz": 34606194.06245409,
              "period": 0.00002889656106635973,
              "mean": 0.00002889656106635973,
              "variance": 0.000005086652799385378,
              "sd": 0.0022553609022472163,
              "sem": 5.421932589238886e-7,
              "df": 17303097,
              "critical": 1.96,
              "moe": 0.0000010626987874908217,
              "p75": 0.00004199999966658652,
              "p99": 0.000042000003304565325,
              "p995": 0.000042000003304565325,
              "p999": 0.00016599999798927456,
              "sampleCount": 17303098,