{
  "files": [
    {
      "filepath": "/Users/icebreaker/Documents/GitHub/postcss-plugins/packages/postcss-plugin-shared/test/shared.bench.ts",
      "groups": [
        {
          "fullName": "test/shared.bench.ts > postcss-plugin-shared benchmarks",
          "benchmarks": [
            {
              "id": "2111422185_0_0",
              "name": "toFixed",
              "rank": 1,
              "rme": 0.1946054304928596,
              "samples": [],
              "totalTime": 500.0000309995144,
              "min": 0,
              "max": 0.1977919999999358,
              "hz": 35915443.773277365,
              "period": 0.000027843175384736384,
              "mean": 0.000027843175384736384,
              "variance": 1.3724184944185871e-8,
              "sd": 0.00011715026651350765,
              "sem": 2.7645067000177634e-8,
              "df": 17957722,
              "critical": 1.96,
              "moe": 5.418433132034816e-8,
              "p75": 0.00004200000000764703,
              "p99": 0.00004200000012133387,
              "p995": 0.00008299999990413198,
              "p999": 0.00012500000002546585,
              "sampleCount": 17957723,
              "median": 0.00004100000001017179
            },
            {
              "id": "2111422185_0_1",
              "name": "mergeOptions",
              "rank": 6,
              "rme": 2.7802406294057587,
              "samples": [],
              "totalTime": 500.000059998757,
              "min": 0,
              "max": 7.033374999999978,
              "hz": 10509720.738859637,
              "period": 0.00009515000682201814,
              "mean": 0.00009515000682201814,
              "variance": 0.000009572635199333722,
              "sd": 0.003093967549819119,
              "sem": 0.0000013496934431367855,
              "df": 5254860,
              "critical": 1.96,
              "moe": 0.0000026453991485480993,
              "p75": 0.00008400000024266774,
              "p99": 0.00016599999980826396,
              "p995": 0.00020800000038434519,
              "p999": 0.0004170000001977314,
              "sampleCount": 5254861,
              "median": 0.00008300000081362668
            },
            {
              "id": "2111422185_0_2",
              "name": "declarationExists",
              "rank": 3,
              "rme": 0.21306713411074052,
              "samples": [],
              "totalTime": 500.0000269969496,
              "min": 0,
              "max": 0.25987499999973807,
              "hz": 30421318.357434403,
              "period": 0.000032871685186372556,
              "mean": 0.000032871685186372556,
              "variance": 1.9422842247817618e-8,
              "sd": 0.00013936585753984948,
              "sem": 3.573405997985145e-8,
              "df": 15210659,
              "critical": 1.96,
              "moe": 7.003875756050883e-8,
              "p75": 0.00004199999966658652,
              "p99": 0.00004200000057608122,
              "p995": 0.00008299999990413198,
              "p999": 0.0001250000004802132,
              "sampleCount": 15210660,
              "median": 0.00004199999966658652
            },
            {
              "id": "2111422185_0_3",
              "name": "remRegex replace",
              "rank": 8,
              "rme": 0.6831935818637391,
              "samples": [],
              "totalTime": 500.0000709991473,
              "min": 0.00008400000115216244,
              "max": 0.7432909999988624,
              "hz": 4854677.310644101,
              "period": 0.00020598691447677777,
              "mean": 0.00020598691447677777,
              "variance": 0.0000012513681906084253,
              "sd": 0.0011186456948508877,
              "sem": 7.180047852982118e-7,
              "df": 2427338,
              "critical": 1.96,
              "moe": 0.000001407289379184495,
              "p75": 0.00020899999981338624,
              "p99": 0.0002920000006270129,
              "p995": 0.0003329999999550637,
              "p999": 0.0006659999999101274,
              "sampleCount": 2427339,
              "median": 0.00020799999947485048
            },
            {
              "id": "2111422185_0_4",
              "name": "pxRegex replace",
              "rank": 7,
              "rme": 2.3083873962559416,
              "samples": [],
              "totalTime": 500.00012500084813,
              "min": 0.00008299999899463728,
              "max": 5.794332999999824,
              "hz": 5334682.666320285,
              "period": 0.00018745257451082317,
              "mean": 0.00018745257451082317,
              "variance": 0.000013000700949766759,
              "sd": 0.003605648478397022,
              "sem": 0.000002207720206104653,
              "df": 2667341,
              "critical": 1.96,
              "moe": 0.0000043271316039651195,
              "p75": 0.00020799999947485048,
              "p99": 0.0002500000009604264,
              "p995": 0.0002920000006270129,
              "p999": 0.0006250000005820766,
              "sampleCount": 2667342,
              "median": 0.00016700000014679972
            },
            {
              "id": "2111422185_0_5",
              "name": "blacklistedSelector",
              "rank": 5,
              "rme": 0.9147366397316248,
              "samples": [],
              "totalTime": 500.00003400074274,
              "min": 0,
              "max": 1.9314160000012635,
              "hz": 15277902.961079903,
              "period": 0.00006545400913642903,
              "mean": 0.00006545400913642903,
              "variance": 7.128305335024596e-7,
              "sd": 0.0008442929192540108,
              "sem": 3.0547541007357226e-7,
              "df": 7638951,
              "critical": 1.96,
              "moe": 5.987318037442016e-7,
              "p75": 0.00008300000081362668,
              "p99": 0.00008400000115216244,
              "p995": 0.00016599999980826396,
              "p999": 0.0003749999996216502,
              "sampleCount": 7638952,
              "median": 0.00004200000148557592
            },
            {
              "id": "2111422185_0_6",
              "name": "createPropListMatcher",
              "rank": 4,
              "rme": 0.6552846818976472,
              "samples": [],
              "totalTime": 500.0000379995199,
              "min": 0,
              "max": 0.3477920000004815,
              "hz": 18773170.573257063,
              "period": 0.00005326750727043037,
              "mean": 0.00005326750727043037,
              "variance": 2.977010046404992e-7,
              "sd": 0.0005456198352704007,
              "sem": 1.78088681414207e-7,
              "df": 9386585,
              "critical": 1.96,
              "moe": 3.4905381557184575e-7,
              "p75": 0.00004200000148557592,
              "p99": 0.00008400000115216244,
              "p995": 0.0001250000004802132,
              "p999": 0.0003329999999550637,
              "sampleCount": 9386586,
              "median": 0.00004199999966658652
            },
            {
              "id": "2111422185_0_7",
              "name": "createExcludeMatcher",
              "rank": 2,
              "rme": 3.775297369335468,
              "samples": [],
              "totalTime": 500.00001399741086,
              "min": 0,
              "max": 9.60712500000227,
              "hz": 34603015.03129476,
              "period": 0.000028899215836990098,
              "mean": 0.000028899215836990098,
              "variance": 0.000005361005629361417,
              "sd": 0.00231538455323547,
              "sem": 5.566486404349317e-7,
              "df": 17301507,
              "critical": 1.96,
              "moe": 0.000001091031335252466,
              "p75": 0.00004199999966658652,
              "p99": 0.000042000003304565325,
              "p995": 0.00008299999899463728,
              "p999": 0.00016600000162725337,
              "sampleCount": 17301508,