{
  "files": [
    {
      "filepath": "/Users/icebreaker/Documents/GitHub/postcss-plugins/packages/postcss-rem-to-viewport/test/rem-to-viewport.bench.ts",
      "groups": [
        {
          "fullName": "test/rem-to-viewport.bench.ts > postcss-rem-to-viewport benchmark",
          "benchmarks": [
            {
              "id": "491638435_0_0",
              "name": "small stylesheet",
              "rank": 1,
              "rme": 0.7750817052928395,
              "samples": [],
              "totalTime": 500.02594400000754,
              "min": 0.023083000000042375,
              "max": 0.5397090000000162,
              "hz": 31716.35430180751,
              "period": 0.03152947499842408,
              "mean": 0.03152947499842408,
              "variance": 0.00024654267695338407,
              "sd": 0.015701677520360176,
              "sem": 0.0001246832614732984,
              "df": 15858,
              "critical": 1.96,
              "moe": 0.00024437919248766483,
              "p75": 0.029957999999965068,
              "p99": 0.10241699999997422,
              "p995": 0.12412500000002069,
              "p999": 0.22037499999999,
              "sampleCount": 15859,
              "median": 0.028292000000021744
            },
            {
              "id": "491638435_0_1",
              "name": "medium stylesheet",
              "rank": 2,
              "rme": 2.013489025399932,
              "samples": [],
              "totalTime": 500.63562199999797,
              "min": 0.4787499999999909,
              "max": 4.2358749999999645,
              "hz": 1711.8238541963028,
              "period": 0.584172254375727,
              "mean": 0.584172254375727,
              "variance": 0.03086377646773882,
              "sd": 0.17568089386082603,
              "sem": 0.006001145015962569,
              "df": 856,
              "critical": 1.96,
              "moe": 0.011762244231286636,
              "p75": 0.593166999999994,
              "p99": 1.2170409999999947,
              "p995": 1.474042000000054,
              "p999": 4.2358749999999645,
              "sampleCount": 857,
              "median": 0.5420829999999341
            },
            {
              "id": "491638435_0_2",
              "name": "large stylesheet",
              "rank": 4,
              "rme": 4.95078877655026,
              "samples": [],
              "totalTime": 501.41795800000045,
              "min": 6.21833300000003,
              "max": 15.903999999999996,
              "hz": 135.6154060999944,
              "period": 7.373793500000007,
              "mean": 7.373793500000007,
              "variance": 2.273531739391171,
              "sd": 1.5078235106905487,
              "sem": 0.18285045880490505,
              "df": 67,
              "critical": 1.9965,
              "moe": 0.36506094100399294,
              "p75": 7.369625000000042,
              "p99": 15.903999999999996,
              "p995": 15.903999999999996,
              "p999": 15.903999999999996,
              "sampleCount": 68,
              "median": 7.052125000000046
            },
            {
              "id": "491638435_0_3",
              "name": "medium stylesheet with media queries",
              "rank": 3,
              "rme": 3.1436558626521145,
              "samples": [],
              "totalTime": 500.33058499999606,
              "min": 0.660291000000143,
              "max": 6.557957999999871,
              "hz": 1233.184655301464,
              "period": 0.8109085656401881,
              "mean": 0.8109085656401881,
              "variance": 0.10437266970799389,
              "sd": 0.3230675930946864,
              "sem": 0.013006211563518338,
              "df": 616,
              "critical": 1.96,
              "moe": 0.025492174664495944,
              "p75": 0.7862089999998716,
              "p99": 1.8744579999997768,
              "p995": 1.9527499999999236,
              "p999": 6.557957999999871,
              "sampleCount": 617,
              "median": 0.7342079999998532
            }
          ]
        }
      ]
    }
  ]
}