{
  "files": [
    {
      "filepath": "/Users/icebreaker/Documents/GitHub/postcss-plugins/packages/postcss-rem-to-viewport/test/rem-to-viewport.bench.ts",
      "groups": [
        {
          "fullName": "test/rem-to-viewport.bench.ts > postcss-rem-to-viewport benchmark",
          "benchmarks": [
            {
              "id": "491638435_0_0",
              "name": "small stylesheet",
              "rank": 1,
              "rme": 0.5509918249748096,
              "samples": [],
              "totalTime": 500.1411160000017,
              "min": 0.02262499999994816,
              "max": 0.5497500000000173,
              "hz": 35445.99600565521,
              "period": 0.028211931182310565,
              "mean": 0.028211931182310565,
              "variance": 0.00011150736225012604,
              "sd": 0.01055970464786426,
              "sem": 0.00007930889514390325,
              "df": 17727,
              "critical": 1.96,
              "moe": 0.00015544543448205037,
              "p75": 0.02749999999997499,
              "p99": 0.07495800000003783,
              "p995": 0.09229200000004312,
              "p999": 0.14941700000008495,
              "sampleCount": 17728,
              "median": 0.026624999999967258
            },
            {
              "id": "491638435_0_1",
              "name": "medium stylesheet",
              "rank": 2,
              "rme": 1.0680330146300245,
              "samples": [],
              "totalTime": 500.5226200000004,
              "min": 0.4520840000000135,
              "max": 1.776958000000036,
              "hz": 1796.1226207918419,
              "period": 0.556754860956619,
              "mean": 0.556754860956619,
              "variance": 0.008274560568910905,
              "sd": 0.09096461162952824,
              "sem": 0.003033839655905193,
              "df": 898,
              "critical": 1.96,
              "moe": 0.0059463257255741786,
              "p75": 0.5597080000000005,
              "p99": 0.8786669999999503,
              "p995": 1.0387920000000577,
              "p999": 1.776958000000036,
              "sampleCount": 899,
              "median": 0.5315419999999449
            },
            {
              "id": "491638435_0_2",
              "name": "large stylesheet",
              "rank": 4,
              "rme": 3.509560058383538,
              "samples": [],
              "totalTime": 505.540541000001,
              "min": 6.030457999999953,
              "max": 13.963250000000016,
              "hz": 146.37797367076016,
              "period": 6.831628932432446,
              "mean": 6.831628932432446,
              "variance": 1.0704173396608596,
              "sd": 1.0346097523515132,
              "sem": 0.12027094073219104,
              "df": 73,
              "critical": 1.9935,
              "moe": 0.23976012034962282,
              "p75": 6.947750000000042,
              "p99": 13.963250000000016,
              "p995": 13.963250000000016,
              "p999": 13.963250000000016,
              "sampleCount": 74,
              "median": 6.623145500000078
            },
            {
              "id": "491638435_0_3",
              "name": "medium stylesheet with media queries",
              "rank": 3,
              "rme": 1.2379314915556847,
              "samples": [],
              "totalTime": 500.17120799999407,
              "min": 0.5917910000002848,
              "max": 2.420541999999841,
              "hz": 1399.5207816920329,
              "period": 0.7145302971428487,
              "mean": 0.7145302971428487,
              "variance": 0.014256746119167128,
              "sd": 0.11940161690348723,
              "sem": 0.004512956920937619,
              "df": 699,
              "critical": 1.96,
              "moe": 0.008845395565037733,
              "p75": 0.7193749999996726,
              "p99": 1.0604170000001432,
              "p995": 1.397958000000017,
              "p999": 2.420541999999841,
              "sampleCount": 700,
              "median": 0.6871249999999236
            }
          ]
        }
      ]
    }
  ]
}