{
  "files": [
    {
      "filepath": "/Users/icebreaker/Documents/GitHub/postcss-plugins/packages/postcss-rem-to-viewport/test/rem-to-viewport.bench.ts",
      "groups": [
        {
          "fullName": "test/rem-to-viewport.bench.ts > postcss-rem-to-viewport benchmark",
          "benchmarks": [
            {
              "id": "491638435_0_0",
              "name": "small stylesheet",
              "rank": 1,
              "rme": 0.6211088220413499,
              "samples": [],
              "totalTime": 500.0132250000031,
              "min": 0.02287499999999909,
              "max": 0.566250000000025,
              "hz": 33235.12093105117,
              "period": 0.03008865236490571,
              "mean": 0.03008865236490571,
              "variance": 0.00015108017560647863,
              "sd": 0.012291467593679717,
              "sem": 0.00009534860932233806,
              "df": 16617,
              "critical": 1.96,
              "moe": 0.0001868832742717826,
              "p75": 0.029250000000047294,
              "p99": 0.08891699999998082,
              "p995": 0.11000000000001364,
              "p999": 0.14829199999996945,
              "sampleCount": 16618,
              "median": 0.027708999999958905
            },
            {
              "id": "491638435_0_1",
              "name": "medium stylesheet",
              "rank": 2,
              "rme": 0.911045201205603,
              "samples": [],
              "totalTime": 500.00282900000195,
              "min": 0.44183300000008785,
              "max": 1.4997079999999414,
              "hz": 1825.9896685504482,
              "period": 0.5476482245345038,
              "mean": 0.5476482245345038,
              "variance": 0.0059161864530388394,
              "sd": 0.07691675014610823,
              "sem": 0.002545572892402695,
              "df": 912,
              "critical": 1.96,
              "moe": 0.004989322869109282,
              "p75": 0.5559999999999263,
              "p99": 0.8252079999999751,
              "p995": 0.8781660000000784,
              "p999": 1.4997079999999414,
              "sampleCount": 913,
              "median": 0.5264170000000377
            },
            {
              "id": "491638435_0_2",
              "name": "large stylesheet",
              "rank": 4,
              "rme": 6.228693135238117,
              "samples": [],
              "totalTime": 500.44378999999867,
              "min": 5.64104199999997,
              "max": 17.26666699999987,
              "hz": 143.8723018223489,
              "period": 6.950608194444426,
              "mean": 6.950608194444426,
              "variance": 3.392375373394274,
              "sd": 1.841840213860658,
              "sem": 0.2170629508471587,
              "df": 71,
              "critical": 1.9945,
              "moe": 0.432932055464658,
              "p75": 6.9674589999999625,
              "p99": 17.26666699999987,
              "p995": 17.26666699999987,
              "p999": 17.26666699999987,
              "sampleCount": 72,
              "median": 6.461208499999998
            },
            {
              "id": "491638435_0_3",
              "name": "medium stylesheet with media queries",
              "rank": 3,
              "rme": 0.8999705889962477,
              "samples": [],
              "totalTime": 500.520623000001,
              "min": 0.5849160000002485,
              "max": 2.1092909999999847,
              "hz": 1418.522968633,
              "period": 0.7049586239436634,
              "mean": 0.7049586239436634,
              "variance": 0.007439266131340304,
              "sd": 0.08625118046345977,
              "sem": 0.003236949122492669,
              "df": 709,
              "critical": 1.96,
              "moe": 0.006344420280085631,
              "p75": 0.7179590000000644,
              "p99": 0.9727499999999054,
              "p995": 1.0319580000000315,
              "p999": 2.1092909999999847,
              "sampleCount": 710,
              "median": 0.6862294999998539
            }
          ]
        }
      ]
    }
  ]
}