{
  "files": [
    {
      "filepath": "/Users/icebreaker/Documents/GitHub/postcss-plugins/packages/postcss-rule-unit-converter/test/index.bench.ts",
      "groups": [
        {
          "fullName": "test/index.bench.ts > postcss-rule-unit-converter benchmark",
          "benchmarks": [
            {
              "id": "460298166_0_0",
              "name": "mixed rules medium stylesheet",
              "rank": 2,
              "rme": 1.6698790987497325,
              "samples": [],
              "totalTime": 500.6059920000013,
              "min": 0.6566250000000196,
              "max": 2.7306250000000034,
              "hz": 1262.469906672628,
              "period": 0.792098088607597,
              "mean": 0.792098088607597,
              "variance": 0.028782792305989055,
              "sd": 0.16965492125484913,
              "sem": 0.006748510420027755,
              "df": 631,
              "critical": 1.96,
              "moe": 0.013227080423254399,
              "p75": 0.7905830000000265,
              "p99": 1.6183340000000044,
              "p995": 2.080416999999983,
              "p999": 2.7306250000000034,
              "sampleCount": 632,
              "median": 0.7481244999999888
            },
            {
              "id": "460298166_0_1",
              "name": "mixed rules large stylesheet",
              "rank": 3,
              "rme": 1.7219105851227823,
              "samples": [],
              "totalTime": 505.4674200000005,
              "min": 6.45029199999999,
              "max": 9.809582999999975,
              "hz": 140.46404810818456,
              "period": 7.119259436619726,
              "mean": 7.119259436619726,
              "variance": 0.2680793608510968,
              "sd": 0.5177638079772444,
              "sem": 0.061447259058399796,
              "df": 70,
              "critical": 1.995,
              "moe": 0.1225872818215076,
              "p75": 7.2377080000001115,
              "p99": 9.809582999999975,
              "p995": 9.809582999999975,
              "p999": 9.809582999999975,
              "sampleCount": 71,
              "median": 6.989874999999984
            },
            {
              "id": "460298166_0_2",
              "name": "preset group medium stylesheet",
              "rank": 1,
              "rme": 0.7148461222885747,
              "samples": [],
              "totalTime": 500.0981609999985,
              "min": 0.5977080000000115,
              "max": 1.388249999999971,
              "hz": 1429.7193146447146,
              "period": 0.6994379874125853,
              "mean": 0.6994379874125853,
              "variance": 0.004652832965914629,
              "sd": 0.06821167763597835,
              "sem": 0.002550972107567406,
              "df": 714,
              "critical": 1.96,
              "moe": 0.004999905330832115,
              "p75": 0.7065420000001268,
              "p99": 0.9651249999999436,
              "p995": 1.0270000000000437,
              "p999": 1.388249999999971,
              "sampleCount": 715,
              "median": 0.6812910000001011
            }
          ]
        }
      ]
    }
  ]
}