{
  "files": [
    {
      "filepath": "/Users/icebreaker/Documents/GitHub/postcss-plugins/packages/postcss-rule-unit-converter/test/index.bench.ts",
      "groups": [
        {
          "fullName": "test/index.bench.ts > postcss-rule-unit-converter benchmark",
          "benchmarks": [
            {
              "id": "460298166_0_0",
              "name": "mixed rules medium stylesheet",
              "rank": 2,
              "rme": 1.0133928288176153,
              "samples": [],
              "totalTime": 500.331397,
              "min": 0.6802089999999907,
              "max": 1.9565419999999563,
              "hz": 1241.1773550961066,
              "period": 0.8056866296296296,
              "mean": 0.8056866296296296,
              "variance": 0.010776244193101372,
              "sd": 0.10380869035442733,
              "sem": 0.004165699248678065,
              "df": 620,
              "critical": 1.96,
              "moe": 0.008164770527409007,
              "p75": 0.827083000000016,
              "p99": 1.1241660000000024,
              "p995": 1.1720410000000356,
              "p999": 1.9565419999999563,
              "sampleCount": 621,
              "median": 0.7748750000000655
            },
            {
              "id": "460298166_0_1",
              "name": "mixed rules large stylesheet",
              "rank": 3,
              "rme": 4.078581728101512,
              "samples": [],
              "totalTime": 505.1829990000007,
              "min": 6.797958000000108,
              "max": 14.534374999999955,
              "hz": 126.68676524484529,
              "period": 7.893484359375011,
              "mean": 7.893484359375011,
              "variance": 1.660838917588946,
              "sd": 1.2887353947141151,
              "sem": 0.1610919243392644,
              "df": 63,
              "critical": 1.9985,
              "moe": 0.3219422107920199,
              "p75": 8.059834000000137,
              "p99": 14.534374999999955,
              "p995": 14.534374999999955,
              "p999": 14.534374999999955,
              "sampleCount": 64,
              "median": 7.562979499999983
            },
            {
              "id": "460298166_0_2",
              "name": "preset group medium stylesheet",
              "rank": 1,
              "rme": 0.8156959872323828,
              "samples": [],
              "totalTime": 500.463216000001,
              "min": 0.6072080000001279,
              "max": 1.2306250000001455,
              "hz": 1342.7560278476064,
              "period": 0.74473692857143,
              "mean": 0.74473692857143,
              "variance": 0.0064553465304186255,
              "sd": 0.08034517117051046,
              "sem": 0.003099382266221863,
              "df": 671,
              "critical": 1.96,
              "moe": 0.006074789241794851,
              "p75": 0.762583000000177,
              "p99": 1.053541000000223,
              "p995": 1.0852919999999813,
              "p999": 1.2306250000001455,
              "sampleCount": 672,
              "median": 0.72462500000006
            }
          ]
        }
      ]
    }
  ]
}