{
  "files": [
    {
      "filepath": "/Users/icebreaker/Documents/GitHub/postcss-plugins/packages/postcss-rule-unit-converter/test/index.bench.ts",
      "groups": [
        {
          "fullName": "test/index.bench.ts > postcss-rule-unit-converter benchmark",
          "benchmarks": [
            {
              "id": "460298166_0_0",
              "name": "mixed rules medium stylesheet",
              "rank": 2,
              "rme": 2.124830451064669,
              "samples": [],
              "totalTime": 500.4603799999994,
              "min": 0.7206250000000409,
              "max": 4.035125000000022,
              "hz": 1184.9089832046259,
              "period": 0.8439466779089366,
              "mean": 0.8439466779089366,
              "variance": 0.04963878352069552,
              "sd": 0.22279762907332637,
              "sem": 0.009149202042325381,
              "df": 592,
              "critical": 1.96,
              "moe": 0.017932436002957748,
              "p75": 0.8648749999999836,
              "p99": 1.9225840000000005,
              "p995": 2.0572500000000105,
              "p999": 4.035125000000022,
              "sampleCount": 593,
              "median": 0.784041000000002
            },
            {
              "id": "460298166_0_1",
              "name": "mixed rules large stylesheet",
              "rank": 3,
              "rme": 7.311218260077654,
              "samples": [],
              "totalTime": 504.6475400000005,
              "min": 6.690000000000055,
              "max": 25.332916999999952,
              "hz": 122.85802483055787,
              "period": 8.13947645161291,
              "mean": 8.13947645161291,
              "variance": 5.491883458366136,
              "sd": 2.3434767885272803,
              "sem": 0.29762184976496314,
              "df": 61,
              "critical": 1.9995,
              "moe": 0.5950948886050438,
              "p75": 8.232666999999992,
              "p99": 25.332916999999952,
              "p995": 25.332916999999952,
              "p999": 25.332916999999952,
              "sampleCount": 62,
              "median": 7.713833000000136
            },
            {
              "id": "460298166_0_2",
              "name": "preset group medium stylesheet",
              "rank": 1,
              "rme": 2.0346420261028624,
              "samples": [],
              "totalTime": 500.2743729999961,
              "min": 0.662708000000066,
              "max": 3.8105410000000575,
              "hz": 1283.2957965648282,
              "period": 0.7792435716510843,
              "mean": 0.7792435716510843,
              "variance": 0.04200929210494461,
              "sd": 0.2049616844801599,
              "sem": 0.008089192446182617,
              "df": 641,
              "critical": 1.96,
              "moe": 0.01585481719451793,
              "p75": 0.7846250000000055,
              "p99": 1.707834000000048,
              "p995": 1.8573750000000473,
              "p999": 3.8105410000000575,
              "sampleCount": 642,
              "median": 0.7260834999999588
            }
          ]
        }
      ]
    }
  ]
}