{
  "files": [
    {
      "filepath": "/Users/icebreaker/Documents/GitHub/postcss-plugins/packages/postcss-pxtrans/test/pxtrans.bench.ts",
      "groups": [
        {
          "fullName": "test/pxtrans.bench.ts > postcss-pxtrans benchmarks",
          "benchmarks": [
            {
              "id": "1690241896_0_0",
              "name": "pxtrans transform",
              "rank": 2,
              "rme": 2.682353698553509,
              "samples": [],
              "totalTime": 500.85775200000046,
              "min": 0.93425000000002,
              "max": 5.895916,
              "hz": 898.4586905225731,
              "period": 1.1130172266666676,
              "mean": 1.1130172266666676,
              "variance": 0.10440859009297292,
              "sd": 0.3231231809898091,
              "sem": 0.015232172829097473,
              "df": 449,
              "critical": 1.96,
              "moe": 0.029855058745031048,
              "p75": 1.1408330000000433,
              "p99": 2.776207999999997,
              "p995": 2.946499999999986,
              "p999": 5.895916,
              "sampleCount": 450,
              "median": 1.0443539999999985
            },
            {
              "id": "1690241896_0_1",
              "name": "pxtrans h5 transform",
              "rank": 3,
              "rme": 2.2917702422285213,
              "samples": [],
              "totalTime": 500.919574999999,
              "min": 1.0154159999999592,
              "max": 4.912750000000074,
              "hz": 834.4652931560937,
              "period": 1.1983721889952128,
              "mean": 1.1983721889952128,
              "variance": 0.0820710017370976,
              "sd": 0.28648036885116157,
              "sem": 0.0140122128665994,
              "df": 417,
              "critical": 1.96,
              "moe": 0.027463937218534823,
              "p75": 1.213166000000001,
              "p99": 2.894374999999968,
              "p995": 3.030708000000004,
              "p999": 4.912750000000074,
              "sampleCount": 418,
              "median": 1.1389795000000618
            },
            {
              "id": "1690241896_0_2",
              "name": "pxtrans directives",
              "rank": 1,
              "rme": 0.9083751708989384,
              "samples": [],
              "totalTime": 500.4087950000005,
              "min": 0.502875000000131,
              "max": 1.6955000000000382,
              "hz": 1722.5916263122417,
              "period": 0.5805206438515087,
              "mean": 0.5805206438515087,
              "variance": 0.006239660630694959,
              "sd": 0.07899152252422383,
              "sem": 0.0026904619340253877,
              "df": 861,
              "critical": 1.96,
              "moe": 0.00527330539068976,
              "p75": 0.5903330000001006,
              "p99": 0.8268339999999625,
              "p995": 0.8934580000000096,
              "p999": 1.6955000000000382,
              "sampleCount": 862,
              "median": 0.564062500000091
            }
          ]
        }
      ]
    }
  ]
}