{
  "files": [
    {
      "filepath": "/Users/icebreaker/Documents/GitHub/postcss-plugins/packages/postcss-pxtrans/test/pxtrans.bench.ts",
      "groups": [
        {
          "fullName": "test/pxtrans.bench.ts > postcss-pxtrans benchmarks",
          "benchmarks": [
            {
              "id": "1690241896_0_0",
              "name": "pxtrans transform",
              "rank": 2,
              "rme": 1.9443286491108867,
              "samples": [],
              "totalTime": 500.4591599999994,
              "min": 0.8794170000000463,
              "max": 3.6366250000000093,
              "hz": 921.1540857799478,
              "period": 1.08559470715835,
              "mean": 1.08559470715835,
              "variance": 0.05346426097085909,
              "sd": 0.2312234005693608,
              "sem": 0.010769147400260833,
              "df": 460,
              "critical": 1.96,
              "moe": 0.021107528904511234,
              "p75": 1.1184579999999187,
              "p99": 2.2345419999999763,
              "p995": 2.493458000000004,
              "p999": 3.6366250000000093,
              "sampleCount": 461,
              "median": 1.0417079999999714
            },
            {
              "id": "1690241896_0_1",
              "name": "pxtrans h5 transform",
              "rank": 3,
              "rme": 3.45287586377703,
              "samples": [],
              "totalTime": 500.25432800000044,
              "min": 0.960790999999972,
              "max": 7.901875000000018,
              "hz": 801.5922652847087,
              "period": 1.2475170274314225,
              "mean": 1.2475170274314225,
              "variance": 0.19368104699885605,
              "sd": 0.4400920892254893,
              "sem": 0.021977150171779727,
              "df": 400,
              "critical": 1.96,
              "moe": 0.04307521433668826,
              "p75": 1.256208000000015,
              "p99": 2.5475830000000315,
              "p995": 2.9032499999999573,
              "p999": 7.901875000000018,
              "sampleCount": 401,
              "median": 1.1562079999998787
            },
            {
              "id": "1690241896_0_2",
              "name": "pxtrans directives",
              "rank": 1,
              "rme": 1.2308504828879279,
              "samples": [],
              "totalTime": 500.1703339999917,
              "min": 0.46525000000019645,
              "max": 2.031791000000112,
              "hz": 1735.4088017543527,
              "period": 0.5762331036866264,
              "mean": 0.5762331036866264,
              "variance": 0.011366181626643065,
              "sd": 0.10661229585110277,
              "sem": 0.0036186571118810894,
              "df": 867,
              "critical": 1.96,
              "moe": 0.007092567939286935,
              "p75": 0.5829579999999623,
              "p99": 0.966083000000026,
              "p995": 1.066000000000031,
              "p999": 2.031791000000112,
              "sampleCount": 868,
              "median": 0.5545830000000933
            }
          ]
        }
      ]
    }
  ]
}