{
  "files": [
    {
      "filepath": "/Users/icebreaker/Documents/GitHub/postcss-plugins/packages/postcss-pxtrans/test/pxtrans.bench.ts",
      "groups": [
        {
          "fullName": "test/pxtrans.bench.ts > postcss-pxtrans benchmarks",
          "benchmarks": [
            {
              "id": "1690241896_0_0",
              "name": "pxtrans transform",
              "rank": 2,
              "rme": 1.411041305235222,
              "samples": [],
              "totalTime": 500.36808699999756,
              "min": 0.8770830000000274,
              "max": 2.958500000000072,
              "hz": 949.3011491758112,
              "period": 1.0534064989473633,
              "mean": 1.0534064989473633,
              "variance": 0.027318252048267662,
              "sd": 0.16528234040050274,
              "sem": 0.007583673883765067,
              "df": 474,
              "critical": 1.96,
              "moe": 0.01486400081217953,
              "p75": 1.083332999999982,
              "p99": 1.437833000000012,
              "p995": 2.2812080000000208,
              "p999": 2.958500000000072,
              "sampleCount": 475,
              "median": 1.0134579999999005
            },
            {
              "id": "1690241896_0_1",
              "name": "pxtrans h5 transform",
              "rank": 3,
              "rme": 2.064776487708836,
              "samples": [],
              "totalTime": 500.1358520000023,
              "min": 0.9619999999999891,
              "max": 4.523957999999993,
              "hz": 869.7636817286156,
              "period": 1.149737590804603,
              "mean": 1.149737590804603,
              "variance": 0.06381469064775717,
              "sd": 0.2526156975481872,
              "sem": 0.01211199563534871,
              "df": 434,
              "critical": 1.96,
              "moe": 0.02373951144528347,
              "p75": 1.1746249999999918,
              "p99": 2.6964169999999967,
              "p995": 2.7738339999999653,
              "p999": 4.523957999999993,
              "sampleCount": 435,
              "median": 1.099375000000009
            },
            {
              "id": "1690241896_0_2",
              "name": "pxtrans directives",
              "rank": 1,
              "rme": 2.578292960707529,
              "samples": [],
              "totalTime": 500.5191690000024,
              "min": 0.47624999999993634,
              "max": 5.307499999999891,
              "hz": 1660.2760722636697,
              "period": 0.6023094693140824,
              "mean": 0.6023094693140824,
              "variance": 0.05216663085044733,
              "sd": 0.22840015510162712,
              "sem": 0.0079231135964285,
              "df": 830,
              "critical": 1.96,
              "moe": 0.015529302648999859,
              "p75": 0.587291999999934,
              "p99": 1.4582080000000133,
              "p995": 1.562832999999955,
              "p999": 5.307499999999891,
              "sampleCount": 831,
              "median": 0.5579170000000886
            }
          ]
        }
      ]
    }
  ]
}