{
  "files": [
    {
      "filepath": "/Users/icebreaker/Documents/GitHub/postcss-plugins/packages/postcss-pxtrans/test/pxtrans.bench.ts",
      "groups": [
        {
          "fullName": "test/pxtrans.bench.ts > postcss-pxtrans benchmarks",
          "benchmarks": [
            {
              "id": "1690241896_0_0",
              "name": "pxtrans transform",
              "rank": 2,
              "rme": 2.3380942666382842,
              "samples": [],
              "totalTime": 502.175462,
              "min": 2.787832999999978,
              "max": 6.41154199999994,
              "hz": 304.67438490652495,
              "period": 3.2821925620915033,
              "mean": 3.2821925620915033,
              "variance": 0.23454783899831094,
              "sd": 0.48430139272803147,
              "sem": 0.03915344699708656,
              "df": 152,
              "critical": 1.96,
              "moe": 0.07674075611428965,
              "p75": 3.496040999999991,
              "p99": 5.280167000000006,
              "p995": 6.41154199999994,
              "p999": 6.41154199999994,
              "sampleCount": 153,
              "median": 3.1938330000000406
            },
            {
              "id": "1690241896_0_1",
              "name": "pxtrans directives",
              "rank": 1,
              "rme": 4.21982269277643,
              "samples": [],
              "totalTime": 500.742959999999,
              "min": 0.8167920000000777,
              "max": 4.384041000000025,
              "hz": 916.637949338321,
              "period": 1.090943267973854,
              "mean": 1.090943267973854,
              "variance": 0.2532172469844174,
              "sd": 0.5032069623767316,
              "sem": 0.023487689585345643,
              "df": 458,
              "critical": 1.96,
              "moe": 0.04603587158727746,
              "p75": 0.9997499999999491,
              "p99": 3.557790999999952,
              "p995": 3.826999999999998,
              "p999": 4.384041000000025,
              "sampleCount": 459,
              "median": 0.8890420000000177
            }
          ]
        }
      ]
    }
  ]
}
