{
  "files": [
    {
      "filepath": "/Users/icebreaker/Documents/GitHub/postcss-plugins/packages/postcss-pxtrans/test/pxtrans.bench.ts",
      "groups": [
        {
          "fullName": "test/pxtrans.bench.ts > postcss-pxtrans benchmarks",
          "benchmarks": [
            {
              "id": "1690241896_0_0",
              "name": "pxtrans transform",
              "rank": 2,
              "rme": 1.4922447639704337,
              "samples": [],
              "totalTime": 501.140829,
              "min": 2.6206249999999045,
              "max": 4.271708999999987,
              "hz": 333.23966106142194,
              "period": 3.0008432874251496,
              "mean": 3.0008432874251496,
              "variance": 0.0871708112389781,
              "sd": 0.2952470342594115,
              "sem": 0.022846901444673485,
              "df": 166,
              "critical": 1.96,
              "moe": 0.04477992683156003,
              "p75": 3.180541000000062,
              "p99": 3.8246669999999767,
              "p995": 4.271708999999987,
              "p999": 4.271708999999987,
              "sampleCount": 167,
              "median": 2.9165420000000495
            },
            {
              "id": "1690241896_0_1",
              "name": "pxtrans directives",
              "rank": 1,
              "rme": 1.3023114000174485,
              "samples": [],
              "totalTime": 500.39453099999787,
              "min": 0.8037090000000262,
              "max": 1.5667909999999665,
              "hz": 1083.145331178694,
              "period": 0.9232371420664167,
              "mean": 0.9232371420664167,
              "variance": 0.020395923022813872,
              "sd": 0.14281429558280878,
              "sem": 0.006134399260370526,
              "df": 541,
              "critical": 1.96,
              "moe": 0.012023422550326231,
              "p75": 0.9268750000001091,
              "p99": 1.4041250000000218,
              "p995": 1.5121250000001965,
              "p999": 1.5667909999999665,
              "sampleCount": 542,
              "median": 0.8668125000000373
            }
          ]
        }
      ]
    }
  ]
}
