{
  "files": [
    {
      "filepath": "/Users/icebreaker/Documents/GitHub/postcss-plugins/packages/postcss-rem-to-responsive-pixel/test/bench/rem-to-responsive-pixel.bench.ts",
      "groups": [
        {
          "fullName": "test/bench/rem-to-responsive-pixel.bench.ts > rem-to-responsive-pixel bench",
          "benchmarks": [
            {
              "id": "1259280955_0_0",
              "name": "default transform (propList=*)",
              "rank": 1,
              "rme": 0.9318247346315334,
              "samples": [],
              "totalTime": 500.00606700000014,
              "min": 0.21408400000001393,
              "max": 1.4941249999999968,
              "hz": 3761.954352445886,
              "period": 0.2658192807017545,
              "mean": 0.2658192807017545,
              "variance": 0.0030041255461307754,
              "sd": 0.05480990372305698,
              "sem": 0.0012637601056115176,
              "df": 1880,
              "critical": 1.96,
              "moe": 0.0024769698069985746,
              "p75": 0.26650000000000773,
              "p99": 0.46691700000002356,
              "p995": 0.4902079999999387,
              "p999": 1.0608339999999998,
              "sampleCount": 1881,
              "median": 0.2524999999999977
            },
            {
              "id": "1259280955_0_1",
              "name": "media queries enabled",
              "rank": 2,
              "rme": 0.844711800495574,
              "samples": [],
              "totalTime": 500.0586079999962,
              "min": 0.2315000000000964,
              "max": 1.0193749999998545,
              "hz": 3551.5836975653333,
              "period": 0.2815645315315294,
              "mean": 0.2815645315315294,
              "variance": 0.00261519353272572,
              "sd": 0.05113896296099208,
              "sem": 0.0012134738897229133,
              "df": 1775,
              "critical": 1.96,
              "moe": 0.00237840882385691,
              "p75": 0.2824999999999136,
              "p99": 0.46795799999995324,
              "p995": 0.5222499999999854,
              "p999": 0.9972920000000158,
              "sampleCount": 1776,
              "median": 0.26975049999998646
            },
            {
              "id": "1259280955_0_2",
              "name": "rpx transform large stylesheet",
              "rank": 3,
              "rme": 1.4186014837856882,
              "samples": [],
              "totalTime": 501.69650599999704,
              "min": 1.8729580000001533,
              "max": 4.188166999999794,
              "hz": 444.49183387376695,
              "period": 2.249760116591915,
              "mean": 2.249760116591915,
              "variance": 0.0591270166704959,
              "sd": 0.2431604751403811,
              "sem": 0.016283229793669148,
              "df": 222,
              "critical": 1.96,
              "moe": 0.03191513039559153,
              "p75": 2.3147089999999935,
              "p99": 3.0370410000000447,
              "p995": 3.124958000000106,
              "p999": 4.188166999999794,
              "sampleCount": 223,
              "median": 2.2043749999998
            }
          ]
        }
      ]
    }
  ]
}