{
  "files": [
    {
      "filepath": "/Users/icebreaker/Documents/GitHub/postcss-plugins/packages/postcss-rem-to-responsive-pixel/test/bench/rem-to-responsive-pixel.bench.ts",
      "groups": [
        {
          "fullName": "test/bench/rem-to-responsive-pixel.bench.ts > rem-to-responsive-pixel bench",
          "benchmarks": [
            {
              "id": "1259280955_0_0",
              "name": "default transform (propList=*)",
              "rank": 1,
              "rme": 1.034506231412589,
              "samples": [],
              "totalTime": 500.07530100000207,
              "min": 0.2213329999999587,
              "max": 1.4789159999999981,
              "hz": 3663.4482773625173,
              "period": 0.27296686735807973,
              "mean": 0.27296686735807973,
              "variance": 0.0038027644041238153,
              "sd": 0.0616665582315392,
              "sem": 0.0014407445165872813,
              "df": 1831,
              "critical": 1.96,
              "moe": 0.0028238592525110713,
              "p75": 0.2722919999999931,
              "p99": 0.4820839999999862,
              "p995": 0.4993329999999787,
              "p999": 1.473208999999997,
              "sampleCount": 1832,
              "median": 0.2563750000000198
            },
            {
              "id": "1259280955_0_1",
              "name": "media queries enabled",
              "rank": 2,
              "rme": 0.8392210851276701,
              "samples": [],
              "totalTime": 500.18983699999524,
              "min": 0.23050000000012005,
              "max": 0.9533329999999296,
              "hz": 3428.6982124349247,
              "period": 0.29165588163265027,
              "mean": 0.29165588163265027,
              "variance": 0.0026745223609771483,
              "sd": 0.05171578444708296,
              "sem": 0.0012487947217735718,
              "df": 1714,
              "critical": 1.96,
              "moe": 0.0024476376546762007,
              "p75": 0.2925000000000182,
              "p99": 0.5342920000000504,
              "p995": 0.5624590000002172,
              "p999": 0.6202080000000478,
              "sampleCount": 1715,
              "median": 0.2777919999999767
            },
            {
              "id": "1259280955_0_2",
              "name": "rpx transform large stylesheet",
              "rank": 3,
              "rme": 1.390614584156773,
              "samples": [],
              "totalTime": 500.31716799999776,
              "min": 2.0325000000000273,
              "max": 4.173749999999927,
              "hz": 425.7299441701368,
              "period": 2.348906892018769,
              "mean": 2.348906892018769,
              "variance": 0.05915788306833171,
              "sd": 0.24322393605139217,
              "sem": 0.01666542949422275,
              "df": 212,
              "critical": 1.96,
              "moe": 0.03266424180867659,
              "p75": 2.439416000000165,
              "p99": 3.1021660000001248,
              "p995": 3.498333999999886,
              "p999": 4.173749999999927,
              "sampleCount": 213,
              "median": 2.2900419999998576
            }
          ]
        }
      ]
    }
  ]
}