{
  "files": [
    {
      "filepath": "/Users/icebreaker/Documents/GitHub/postcss-plugins/packages/postcss-rem-to-responsive-pixel/test/bench/rem-to-responsive-pixel.bench.ts",
      "groups": [
        {
          "fullName": "test/bench/rem-to-responsive-pixel.bench.ts > rem-to-responsive-pixel bench",
          "benchmarks": [
            {
              "id": "1259280955_0_0",
              "name": "default transform (propList=*)",
              "rank": 1,
              "rme": 1.8194282011429646,
              "samples": [],
              "totalTime": 500.11169200000154,
              "min": 0.2083329999999819,
              "max": 3.983666999999997,
              "hz": 3823.1459703605447,
              "period": 0.2615646924686201,
              "mean": 0.2615646924686201,
              "variance": 0.011272073948204703,
              "sd": 0.10617002377415531,
              "sem": 0.002428051928064766,
              "df": 1911,
              "critical": 1.96,
              "moe": 0.004758981779006941,
              "p75": 0.2563329999999837,
              "p99": 0.6213750000000005,
              "p995": 0.6718340000000182,
              "p999": 0.8592079999999953,
              "sampleCount": 1912,
              "median": 0.24262500000000387
            },
            {
              "id": "1259280955_0_1",
              "name": "media queries enabled",
              "rank": 2,
              "rme": 0.6801760917786914,
              "samples": [],
              "totalTime": 500.2454150000011,
              "min": 0.22550000000001091,
              "max": 0.8835419999999203,
              "hz": 3678.1946317289003,
              "period": 0.2718725081521745,
              "mean": 0.2718725081521745,
              "variance": 0.0016378683572982687,
              "sd": 0.04047058632264016,
              "sem": 0.0009434754084541657,
              "df": 1839,
              "critical": 1.96,
              "moe": 0.0018492118005701648,
              "p75": 0.27395799999999326,
              "p99": 0.4468329999999696,
              "p995": 0.49708399999985886,
              "p999": 0.5822919999999385,
              "sampleCount": 1840,
              "median": 0.2615415000000212
            },
            {
              "id": "1259280955_0_2",
              "name": "rpx transform large stylesheet",
              "rank": 3,
              "rme": 1.080125958406208,
              "samples": [],
              "totalTime": 500.49513300000035,
              "min": 1.9110830000001897,
              "max": 3.500291000000061,
              "hz": 455.548885427423,
              "period": 2.195154092105265,
              "mean": 2.195154092105265,
              "variance": 0.033365799403433635,
              "sd": 0.18266307619065664,
              "sem": 0.012097157742778105,
              "df": 227,
              "critical": 1.96,
              "moe": 0.023710429175845087,
              "p75": 2.2481250000000728,
              "p99": 2.67512499999998,
              "p995": 2.950958000000128,
              "p999": 3.500291000000061,
              "sampleCount": 228,
              "median": 2.1501459999999497
            }
          ]
        }
      ]
    }
  ]
}