{
  "files": [
    {
      "filepath": "/Users/icebreaker/Documents/GitHub/postcss-plugins/packages/postcss-units-to-px/test/units-to-px.bench.ts",
      "groups": [
        {
          "fullName": "test/units-to-px.bench.ts > postcss-units-to-px benchmark",
          "benchmarks": [
            {
              "id": "1094356812_0_0",
              "name": "default rules medium stylesheet",
              "rank": 1,
              "rme": 2.384672842400303,
              "samples": [],
              "totalTime": 500.6024709999975,
              "min": 0.66762499999993,
              "max": 5.347709000000037,
              "hz": 1246.4980421560947,
              "period": 0.8022475496794831,
              "mean": 0.8022475496794831,
              "variance": 0.059449315318659934,
              "sd": 0.24382230275071215,
              "sem": 0.009760703798994139,
              "df": 623,
              "critical": 1.96,
              "moe": 0.019130979446028512,
              "p75": 0.8157919999999876,
              "p99": 1.7178749999999923,
              "p995": 1.8770420000000172,
              "p999": 5.347709000000037,
              "sampleCount": 624,
              "median": 0.7440414999999518
            },
            {
              "id": "1094356812_0_1",
              "name": "default rules large stylesheet",
              "rank": 3,
              "rme": 9.965102159706953,
              "samples": [],
              "totalTime": 501.40091699999937,
              "min": 6.261459000000059,
              "max": 28.74304099999995,
              "hz": 127.6423672755271,
              "period": 7.83438932812499,
              "mean": 7.83438932812499,
              "variance": 9.766646733924734,
              "sd": 3.125163473152202,
              "sem": 0.39064543414402525,
              "df": 63,
              "critical": 1.9985,
              "moe": 0.7807049001368345,
              "p75": 7.5425840000000335,
              "p99": 28.74304099999995,
              "p995": 28.74304099999995,
              "p999": 28.74304099999995,
              "sampleCount": 64,
              "median": 7.1372709999999415
            },
            {
              "id": "1094356812_0_2",
              "name": "propList=* with media queries",
              "rank": 2,
              "rme": 2.922857190915017,
              "samples": [],
              "totalTime": 500.11941400000137,
              "min": 0.7487499999999727,
              "max": 5.733834000000115,
              "hz": 1081.7416498052573,
              "period": 0.9244351460258805,
              "mean": 0.9244351460258805,
              "variance": 0.10281422647798995,
              "sd": 0.32064657565299204,
              "sem": 0.013785673031103667,
              "df": 540,
              "critical": 1.96,
              "moe": 0.027019919140963185,
              "p75": 0.9129590000000007,
              "p99": 2.059332999999924,
              "p995": 2.1202919999998358,
              "p999": 5.733834000000115,
              "sampleCount": 541,
              "median": 0.8398749999998927
            }
          ]
        }
      ]
    }
  ]
}