{
  "files": [
    {
      "filepath": "/Users/icebreaker/Documents/GitHub/postcss-plugins/packages/postcss-units-to-px/test/units-to-px.bench.ts",
      "groups": [
        {
          "fullName": "test/units-to-px.bench.ts > postcss-units-to-px benchmark",
          "benchmarks": [
            {
              "id": "1094356812_0_0",
              "name": "default rules medium stylesheet",
              "rank": 1,
              "rme": 2.108436394662809,
              "samples": [],
              "totalTime": 500.4144050000012,
              "min": 0.610416999999984,
              "max": 4.5122499999999945,
              "hz": 1302.920126769729,
              "period": 0.7675067561349711,
              "mean": 0.7675067561349711,
              "variance": 0.04444479174846414,
              "sd": 0.21081933438008987,
              "sem": 0.008256322335635542,
              "df": 651,
              "critical": 1.96,
              "moe": 0.01618239177784566,
              "p75": 0.7627079999999751,
              "p99": 1.7478750000000218,
              "p995": 1.7693330000000174,
              "p999": 4.5122499999999945,
              "sampleCount": 652,
              "median": 0.7238544999999874
            },
            {
              "id": "1094356812_0_1",
              "name": "default rules large stylesheet",
              "rank": 3,
              "rme": 1.5107004032286682,
              "samples": [],
              "totalTime": 500.15808400000026,
              "min": 5.943833000000041,
              "max": 8.691917000000103,
              "hz": 151.95195765345255,
              "period": 6.581027421052635,
              "mean": 6.581027421052635,
              "variance": 0.18921737931118646,
              "sd": 0.43499124049937654,
              "sem": 0.049896917333215246,
              "df": 75,
              "critical": 1.9925,
              "moe": 0.09941960778643137,
              "p75": 6.691874999999982,
              "p99": 8.691917000000103,
              "p995": 8.691917000000103,
              "p999": 8.691917000000103,
              "sampleCount": 76,
              "median": 6.491792000000032
            },
            {
              "id": "1094356812_0_2",
              "name": "propList=* with media queries",
              "rank": 2,
              "rme": 2.2538006199884992,
              "samples": [],
              "totalTime": 500.742960999999,
              "min": 0.6920000000000073,
              "max": 4.7147919999999885,
              "hz": 1164.2699856144382,
              "period": 0.8589073087478543,
              "mean": 0.8589073087478543,
              "variance": 0.056869576841046515,
              "sd": 0.23847343005258786,
              "sem": 0.009876560331472281,
              "df": 582,
              "critical": 1.96,
              "moe": 0.019358058249685672,
              "p75": 0.8448339999999916,
              "p99": 1.9158750000001419,
              "p995": 2.0699999999999363,
              "p999": 4.7147919999999885,
              "sampleCount": 583,
              "median": 0.8083750000000691
            }
          ]
        }
      ]
    }
  ]
}