{
  "files": [
    {
      "filepath": "/Users/icebreaker/Documents/GitHub/postcss-plugins/packages/postcss-units-to-px/test/units-to-px.bench.ts",
      "groups": [
        {
          "fullName": "test/units-to-px.bench.ts > postcss-units-to-px benchmark",
          "benchmarks": [
            {
              "id": "1094356812_0_0",
              "name": "default rules medium stylesheet",
              "rank": 1,
              "rme": 4.858856780588521,
              "samples": [],
              "totalTime": 500.2284170000008,
              "min": 0.7015830000000278,
              "max": 6.073167000000012,
              "hz": 1059.5159770781258,
              "period": 0.9438272018867939,
              "mean": 0.9438272018867939,
              "variance": 0.29014621048254485,
              "sd": 0.5386522166319794,
              "sem": 0.02339755714077316,
              "df": 529,
              "critical": 1.96,
              "moe": 0.045859211995915396,
              "p75": 0.8771249999999782,
              "p99": 4.184875000000034,
              "p995": 4.784458000000086,
              "p999": 6.073167000000012,
              "sampleCount": 530,
              "median": 0.7861874999999827
            },
            {
              "id": "1094356812_0_1",
              "name": "default rules large stylesheet",
              "rank": 3,
              "rme": 8.191154945594151,
              "samples": [],
              "totalTime": 503.60116400000084,
              "min": 7.445957999999791,
              "max": 20.44429200000002,
              "hz": 103.25631415736741,
              "period": 9.684637769230786,
              "mean": 9.684637769230786,
              "variance": 8.115022288660114,
              "sd": 2.8486878187439415,
              "sem": 0.39504192301042107,
              "df": 51,
              "critical": 2.0081,
              "moe": 0.7932836855972266,
              "p75": 9.569250000000011,
              "p99": 20.44429200000002,
              "p995": 20.44429200000002,
              "p999": 20.44429200000002,
              "sampleCount": 52,
              "median": 8.750728999999978
            },
            {
              "id": "1094356812_0_2",
              "name": "propList=* with media queries",
              "rank": 2,
              "rme": 3.6346561621926905,
              "samples": [],
              "totalTime": 500.62991399999737,
              "min": 0.8068749999999909,
              "max": 7.660291999999799,
              "hz": 982.7618890548409,
              "period": 1.0175404756097508,
              "mean": 1.0175404756097508,
              "variance": 0.17517939135377555,
              "sd": 0.41854437202496886,
              "sem": 0.018869437550793174,
              "df": 491,
              "critical": 1.96,
              "moe": 0.03698409759955462,
              "p75": 0.9860830000000078,
              "p99": 2.414291999999932,
              "p995": 2.80533400000013,
              "p999": 7.660291999999799,
              "sampleCount": 492,
              "median": 0.9022290000000339
            }
          ]
        }
      ]
    }
  ]
}